GenericControllerType,15001,ObjectType
GenericControllerType_SetPoint,15002,Variable
GenericControllerType_Kp,15003,Variable
GenericControllerType_Ki,15004,Variable
GenericControllerType_Kd,15005,Variable
AnalogInputType,15006,ObjectType
AnalogOutputType,15007,ObjectType
DigitalType,15008,ObjectType
ValveType,15009,ObjectType
AnalogSensorType,15010,ObjectType
ButtonType,15011,ObjectType
Plant1,15012,Object
Plant1_Tank1,15013,Object
Plant1_Tank1_OperationDevice,15014,Object
Plant1_Tank1_OperationDevice_LevelMeter,15015,Object
Plant1_Tank1_OperationDevice_InputPipe,15016,Object
Plant1_Tank1_OperationDevice_InputPipe_FillValve,15017,Object
Plant1_Tank1_OperationDevice_OutputPipe,15018,Object
Plant1_Tank1_OperationDevice_OutputPipe_DischargeValve,15019,Object
Plant1_Tank1_OperationDevice_OutputPipe_FlowMeter,15020,Object
Plant1_Tank1_OperationButton,15021,Object
Plant1_Tank1_OperationButton_StartButton,15022,Object
Plant1_Tank1_OperationButton_StopButton,15023,Object
Plant1_Tank1_OperationButton_ResetButton,15024,Object
Plant1_Tank1_OperationButton_ModeButton,15025,Object
Plant1_Tank1_LevelController,15026,Object
Plant1_Tank1_LevelController_SetPoint,15027,Variable
Plant1_Tank1_LevelController_Kp,15028,Variable
Plant1_Tank1_LevelController_Ki,15029,Variable
Plant1_Tank1_LevelController_Kd,15030,Variable
